<?xml version="1.0" encoding="UTF-8"?>
<project-private xmlns="http://www.netbeans.org/ns/project-private/1">
    <editor-bookmarks xmlns="http://www.netbeans.org/ns/editor-bookmarks/2" lastBookmarkId="0"/>
    <open-files xmlns="http://www.netbeans.org/ns/projectui-open-files/2">
        <group>
            <file>file:/Users/pinarsolak/NetBeansProjects/BayiDenetim/web/login.html</file>
            <file>file:/Users/pinarsolak/NetBeansProjects/BayiDenetim/web/formekle.html</file>
            <file>file:/Users/pinarsolak/NetBeansProjects/BayiDenetim/web/formlistesi.jsp</file>
            <file>file:/Users/pinarsolak/NetBeansProjects/BayiDenetim/web/bayilistesi.jsp</file>
            <file>file:/Users/pinarsolak/NetBeansProjects/BayiDenetim/web/logIn.jsp</file>
            <file>file:/Users/pinarsolak/NetBeansProjects/BayiDenetim/web/formekle.jsp</file>
            <file>file:/Users/pinarsolak/NetBeansProjects/BayiDenetim/web/bayiekle.jsp</file>
        </group>
    </open-files>
</project-private>
