<?xml version="1.0" encoding="UTF-8"?>
<project-private xmlns="http://www.netbeans.org/ns/project-private/1">
    <editor-bookmarks xmlns="http://www.netbeans.org/ns/editor-bookmarks/2" lastBookmarkId="0"/>
    <open-files xmlns="http://www.netbeans.org/ns/projectui-open-files/2">
        <group>
            <file>file:/Users/pinarsolak/NetBeansProjects/Bayi1/web/Answer/cevapListe.jsp</file>
            <file>file:/Users/pinarsolak/NetBeansProjects/Bayi1/web/main.html</file>
            <file>file:/Users/pinarsolak/NetBeansProjects/Bayi1/web/Question/soruListe.jsp</file>
            <file>file:/Users/pinarsolak/NetBeansProjects/Bayi1/web/Form/formListe.jsp</file>
            <file>file:/Users/pinarsolak/NetBeansProjects/Bayi1/web/Dealer/bayilistesi.jsp</file>
            <file>file:/Users/pinarsolak/NetBeansProjects/Bayi1/web/Question/soruEkle.html</file>
            <file>file:/Users/pinarsolak/NetBeansProjects/Bayi1/web/Home/registerCompany.html</file>
        </group>
    </open-files>
</project-private>
